{"cameraMode":{"drawMode":0,"name":"Shaded","section":"Shading Mode"},"sceneLighting":true,"audioPlay":false,"sceneViewState":{"m_AlwaysRefresh":false,"showFog":true,"showSkybox":true,"showFlares":true,"showImageEffects":true,"showParticleSystems":true,"showVisualEffectGraphs":true,"m_FxEnabled":true},"in2DMode":false,"pivot":{"x":36.17221450805664,"y":19.421504974365236,"z":19.914833068847658},"rotation":{"x":0.22903500497341157,"y":-0.047381751239299777,"z":0.010507965460419655,"w":0.9723121523857117},"size":12.896722793579102,"orthographic":false}