{"cameraMode":{"drawMode":0,"name":"Shaded","section":"Shading Mode"},"sceneLighting":true,"audioPlay":false,"sceneViewState":{"m_AlwaysRefresh":false,"showFog":true,"showSkybox":true,"showFlares":true,"showImageEffects":true,"showParticleSystems":true,"showVisualEffectGraphs":true,"m_FxEnabled":true},"in2DMode":false,"pivot":{"x":-19.333324432373048,"y":12.096481323242188,"z":29.616531372070314},"rotation":{"x":0.03585880622267723,"y":0.26423344016075137,"z":0.009829943999648095,"w":-0.9637457728385925},"size":30.621309280395509,"orthographic":false}